,title,description,year,age_limit,rating,minutes,hours,age_limit_encoded,clean_tokenised_description,lemmatized_description,topic,topic_name
0,"<span class=""hero__primary-text"" data-testid=""hero__primary-text"">Побег из Шоушенка</span>","Банкир, осужденный за уксорицид, образует дружбу за четверть века с закаленным осужденным, сохраняя при этом его невиновность и пытаясь оставаться надежды на простое сострадание.",1994,16+,9.3,22,2,4,"['банкир', 'осужденный', 'уксорицид', 'образует', 'дружбу', 'четверть', 'века', 'закаленным', 'осужденным', 'сохраняя', 'невиновность', 'пытаясь', 'оставаться', 'надежды', 'простое', 'сострадание']",банкир осудить уксорицид образовать дружба четверть век закалённый осудить сохранять невиновность пытаться оставаться надежда простой сострадание,3,Криминальные триллеры и полицейские расследования
1,"<span class=""hero__primary-text"" data-testid=""hero__primary-text"">Крёстный отец</span>",Старение патриарха организованной криминальной династии передает контроль над его тайной империей его неохотному сыну.,1972,16+,9.2,55,2,4,"['старение', 'патриарха', 'организованной', 'криминальной', 'династии', 'передает', 'контроль', 'тайной', 'империей', 'неохотному', 'сыну']",старение патриарх организовать криминальный династия передавать контроль тайна империя неохотный сын,3,Криминальные триллеры и полицейские расследования
2,"<span class=""hero__primary-text"" data-testid=""hero__primary-text"">Тёмный рыцарь</span>","Когда угроза, известная как Джокер, наносит ущерб и хаос народах Готэма, Бэтмен, Джеймс Гордон и Харви Дент должны работать вместе, чтобы положить конец безумию.",2008,14+,9.0,32,2,3,"['угроза', 'известная', 'джокер', 'наносит', 'ущерб', 'хаос', 'народах', 'готэма', 'бэтмен', 'джеймс', 'гордон', 'харви', 'дент', 'должны', 'работать', 'вместе', 'положить', 'конец', 'безумию']",угроза известный джокер наносить ущерб хаос народ готэма бэтмена джеймс гордон харви дента должный работать вместе положить конец безумие,-1,Военные драмы и супергеройские конфликты
3,"<span class=""hero__primary-text"" data-testid=""hero__primary-text"">Крёстный отец 2</span>","Ранняя жизнь и карьера Вито Корлеоне в 1920 -х годах изображаются, в то время как его сын Майкл расширяет и подтягивает свою власть в отношении синдиката по семейной преступности.",1974,16+,9.0,22,3,4,"['ранняя', 'жизнь', 'карьера', 'вито', 'корлеоне', '1920', 'х', 'годах', 'изображаются', 'время', 'сын', 'майкл', 'расширяет', 'подтягивает', 'власть', 'отношении', 'синдиката', 'семейной', 'преступности']",ранний жизнь карьера вить корлеон 1920 х изображаться время сын майкл расширять подтягивать власть отношение синдикат семейный преступность,3,Криминальные триллеры и полицейские расследования
4,"<span class=""hero__primary-text"" data-testid=""hero__primary-text"">12 рaзгневанных мужчин</span>","Присяжные в суде по делу об убийстве в Нью -Йорке разочарованы одним членом, чей скептически осторожность заставляет их более тщательно рассмотреть доказательства, прежде чем принять поспешное приговор.",1957,16+,9.0,36,1,4,"['присяжные', 'суде', 'делу', 'убийстве', 'нью', 'йорке', 'разочарованы', 'одним', 'членом', 'чей', 'скептически', 'осторожность', 'заставляет', 'тщательно', 'рассмотреть', 'доказательства', 'прежде', 'принять', 'поспешное', 'приговор']",присяжный суд дело убийство нью йорк разочаровать член чей скептически осторожность заставлять тщательно рассмотреть доказательство прежде принять поспешный приговор,3,Криминальные триллеры и полицейские расследования
5,"<span class=""hero__primary-text"" data-testid=""hero__primary-text"">Властелин колец: Возвращение короля</span>","Гандальф и Арагорн ведут мир людей против армии Саурона, чтобы привлечь свой взгляд от Фродо и Сэма, когда они приближаются к Маунт -Дум с одним кольцом.",2003,12+,9.0,21,3,2,"['гандальф', 'арагорн', 'ведут', 'мир', 'людей', 'против', 'армии', 'саурона', 'привлечь', 'взгляд', 'фродо', 'сэма', 'приближаются', 'маунт', 'дум', 'одним', 'кольцом']",гандальф арагорн вести мир человек против армия саурон привлечь взгляд фродый сэм приближаться маунт дума кольцо,1,Эпическая фантастика и космические приключения
6,"<span class=""hero__primary-text"" data-testid=""hero__primary-text"">Список Шиндлера</span>","В оккупированной немецкой Поль году во время Второй мировой войны промышленный Оскар Шиндлер постепенно заинтересован в своей еврейской рабочей силе после того, как нацисты были свидетелем их преследования со стороны нацистов.",1993,16+,9.0,15,3,4,"['оккупированной', 'немецкой', 'поль', 'году', 'время', 'второй', 'мировой', 'войны', 'промышленный', 'оскар', 'шиндлер', 'постепенно', 'заинтересован', 'своей', 'еврейской', 'рабочей', 'силе', 'нацисты', 'свидетелем', 'преследования', 'стороны', 'нацистов']",оккупировать немецкий поль время второй мировой война промышленный оскар шиндлера постепенно заинтересованный еврейский рабочий сила нацист свидетель преследование сторона нацист,2,Исторические драмы о Второй мировой войне
7,"<span class=""hero__primary-text"" data-testid=""hero__primary-text"">Криминальное чтиво</span>","Жизнь двух наемников толпы, боксера, гангстера и его жены, и пары закусочных бандитов переплетаются в четырех сказках о насилии и искуплении.",1994,18+,8.9,34,2,5,"['жизнь', 'двух', 'наемников', 'толпы', 'боксера', 'гангстера', 'жены', 'пары', 'закусочных', 'бандитов', 'переплетаются', 'четырех', 'сказках', 'насилии', 'искуплении']",жизнь наёмник толпа боксёр гангстер жена пара закусочный бандит переплетаться четыре сказка насилие искупление,3,Криминальные триллеры и полицейские расследования
8,"<span class=""hero__primary-text"" data-testid=""hero__primary-text"">Властелин колец: Братство кольца</span>","Крутый хоббит из Шира и восемь компаньонов отправился в путешествие, чтобы уничтожить мощное кольцо и спасти Средиземье от Темного лорда Саурона.",2001,12+,8.9,58,2,2,"['крутый', 'хоббит', 'шира', 'восемь', 'компаньонов', 'отправился', 'путешествие', 'уничтожить', 'мощное', 'кольцо', 'спасти', 'средиземье', 'темного', 'лорда', 'саурона']",круть хоббит шир восемь компаньон отправиться путешествие уничтожить мощный кольцо спасти средиземье тёмный лорд саурон,1,Эпическая фантастика и космические приключения
9,"<span class=""hero__primary-text"" data-testid=""hero__primary-text"">Хороший, плохой, злой</span>","Мошенничество на щедрости присоединяется к двум мужчинам в непростительном союзе против третьего в гонке, чтобы найти целое состояние в золоте, похороненное на отдаленном кладбище.",1966,12+,8.8,41,2,2,"['мошенничество', 'щедрости', 'присоединяется', 'двум', 'мужчинам', 'непростительном', 'союзе', 'против', 'третьего', 'гонке', 'найти', 'целое', 'состояние', 'золоте', 'похороненное', 'отдаленном', 'кладбище']",мошенничество щедрость присоединяться мужчина непростительный союз против третий гонка найти целое состояние золото похоронить отдалить кладбище,3,Криминальные триллеры и полицейские расследования
10,"<span class=""hero__primary-text"" data-testid=""hero__primary-text"">Форрест Гамп</span>","История Соединенных Штатов с 1950 -х годов до 70 -х годов разворачивается с точки зрения мужчины из Алабамы с IQ из 75 лет, который жаждет воссоединиться со своей детской возлюбленной.",1994,0+,8.8,22,2,1,"['история', 'соединенных', 'штатов', '1950', 'х', 'годов', '70', 'х', 'годов', 'разворачивается', 'точки', 'зрения', 'мужчины', 'алабамы', 'iq', '75', 'лет', 'жаждет', 'воссоединиться', 'своей', 'детской', 'возлюбленной']",история соединить штат 1950 х 70 х разворачиваться точка зрение мужчина алабама iq 75 жаждать воссоединиться детский возлюбить,0,Повседневные драмы и семейные истории
11,"<span class=""hero__primary-text"" data-testid=""hero__primary-text"">Властелин колец: Две крепости</span>","В то время как Фродо и Сэм Эдж ближе к Мордору с помощью Shifty Gollum, разделенное общение выступает против нового союзника Саурона, Сарумана и его полщиков Исигарда.",2002,12+,8.8,59,2,2,"['время', 'фродо', 'сэм', 'эдж', 'ближе', 'мордору', 'помощью', 'shifty', 'gollum', 'разделенное', 'общение', 'выступает', 'против', 'нового', 'союзника', 'саурона', 'сарумана', 'полщиков', 'исигарда']",время фродый сэм эдж близкий мордору помощь shifty gollum разделить общение выступать против новый союзник саурон сарумана полщиковы исигарда,1,Эпическая фантастика и космические приключения
12,"<span class=""hero__primary-text"" data-testid=""hero__primary-text"">Бойцовский клуб</span>","Офисный работник бессонницы и производитель мыльной помощи дьяволам образуют подземный бой-клуб, который превращается в гораздо больше.",1999,18+,8.8,19,2,5,"['офисный', 'работник', 'бессонницы', 'производитель', 'мыльной', 'помощи', 'дьяволам', 'образуют', 'подземный', 'бойклуб', 'превращается', 'гораздо']",офисный работник бессонница производитель мыльный помощь дьявол образовать подземный бойклуб превращаться гораздо,-1,Военные драмы и супергеройские конфликты
13,"<span class=""hero__primary-text"" data-testid=""hero__primary-text"">Начало</span>","Вор, который крадет корпоративные секреты с помощью технологии совместного использования мечты, дает обратную задачу посадки идеи в сознание C.E.O., но его трагическое прошлое может обребить профессионал ... прочитать все",2010,12+,8.8,28,2,2,"['вор', 'крадет', 'корпоративные', 'секреты', 'помощью', 'технологии', 'совместного', 'использования', 'мечты', 'дает', 'обратную', 'задачу', 'посадки', 'идеи', 'сознание', 'ceo', 'трагическое', 'прошлое', 'обребить', 'профессионал', 'прочитать']",вор красть корпоративный секрет помощь технология совместный использование мечта давать обратный задача посадка идея сознание ceo трагический прошлое обребить профессионал прочитать,3,Криминальные триллеры и полицейские расследования
14,"<span class=""hero__primary-text"" data-testid=""hero__primary-text"">Звёздные войны. Эпизод 5: Империя наносит ответный удар</span>","После того, как Империя одолевает альянс повстанцев, Люк Скайуокер начинает тренироваться с мастером Джедай Йода, в то время как Дарт Вейдер и охотник за головами Боба Фетт преследуют своих друзей через галактику.",1980,0+,8.7,4,2,1,"['империя', 'одолевает', 'альянс', 'повстанцев', 'люк', 'скайуокер', 'начинает', 'тренироваться', 'мастером', 'джедай', 'йода', 'время', 'дарт', 'вейдер', 'охотник', 'головами', 'боба', 'фетт', 'преследуют', 'своих', 'друзей', 'галактику']",империя одолевать альянс повстанец люк скайуокер начинать тренироваться мастер джедай йод время дарт вейдёр охотник голова боб фетта преследовать друг галактика,1,Эпическая фантастика и космические приключения
15,"<span class=""hero__primary-text"" data-testid=""hero__primary-text"">Матрица</span>","Когда прекрасный незнакомец приводит компьютерного хакера Нео к запрещенному подземному миру, он обнаруживает шокирующую правду-жизнь, которую он знает,-это сложный обман злой кибер-интеллекты.",1999,16+,8.7,16,2,4,"['прекрасный', 'незнакомец', 'приводит', 'компьютерного', 'хакера', 'нео', 'запрещенному', 'подземному', 'миру', 'обнаруживает', 'шокирующую', 'правдужизнь', 'которую', 'знаетэто', 'сложный', 'обман', 'злой', 'киберинтеллекты']",прекрасный незнакомец приводить компьютерный хакер нео запретить подземный мир обнаруживать шокировать правдужизнь знаетэтый сложный обман злой киберинтеллект,3,Криминальные триллеры и полицейские расследования
16,"<span class=""hero__primary-text"" data-testid=""hero__primary-text"">Славные парни</span>","История Генри Хилла и его жизни в мафии, освещая его отношения с его женой Карен и его партнерами по толпике Джимми Конвея и Томми Девито.",1990,16+,8.7,25,2,4,"['история', 'генри', 'хилла', 'жизни', 'мафии', 'освещая', 'отношения', 'женой', 'карен', 'партнерами', 'толпике', 'джимми', 'конвея', 'томми', 'девито']",история генри хилл жизнь мафия освещать отношение жена карен партнёр толпик джимми конвеять томми девить,3,Криминальные триллеры и полицейские расследования
17,"<span class=""hero__primary-text"" data-testid=""hero__primary-text"">Пролетая над гнездом кукушки</span>","Осенью 1963 года ветеран Корейской войны и преступник умоляет безумие и поступает в психиатрическое учреждение, где он снимает испуганных пациентов против тиранической медсестры.",1975,16+,8.7,13,2,4,"['осенью', '1963', 'года', 'ветеран', 'корейской', 'войны', 'преступник', 'умоляет', 'безумие', 'поступает', 'психиатрическое', 'учреждение', 'снимает', 'испуганных', 'пациентов', 'против', 'тиранической', 'медсестры']",осень 1963 ветеран корейский война преступник умолять безумие поступать психиатрический учреждение снимать испуганный пациент против тиранический медсестра,3,Криминальные триллеры и полицейские расследования
18,"<span class=""hero__primary-text"" data-testid=""hero__primary-text"">Интерстеллар</span>","Когда в будущем Земля станет необитаемой, фермеру и бывшему пилоту на NASA Джозеф Купер поручено пилотировать космический корабль вместе с командой исследователей, чтобы найти новую планету для людей.",2014,12+,8.7,49,2,2,"['будущем', 'земля', 'станет', 'необитаемой', 'фермеру', 'бывшему', 'пилоту', 'nasa', 'джозеф', 'купер', 'поручено', 'пилотировать', 'космический', 'корабль', 'вместе', 'командой', 'исследователей', 'найти', 'новую', 'планету', 'людей']",будущее земля стать необитаемый фермер бывший пилот nasa джозеф купер поручить пилотировать космический корабль вместе команда исследователь найти новый планета человек,1,Эпическая фантастика и космические приключения
19,"<span class=""hero__primary-text"" data-testid=""hero__primary-text"">Семь</span>","Два детектива, новичок и ветеран, охотятся на серийного убийцы, который использует семь смертельных грехов в качестве своих мотивов.",1995,18+,8.6,7,2,5,"['детектива', 'новичок', 'ветеран', 'охотятся', 'серийного', 'убийцы', 'использует', 'семь', 'смертельных', 'грехов', 'качестве', 'своих', 'мотивов']",детектив новичок ветеран охотиться серийный убийца использовать семь смертельный грех качество мотив,3,Криминальные триллеры и полицейские расследования
20,"<span class=""hero__primary-text"" data-testid=""hero__primary-text"">Эта замечательная жизнь</span>","Ангела посылают с небес, чтобы помочь отчаянно разочарованному бизнесмену, показав ему, какая жизнь была бы, если бы он никогда не существовал.",1946,PG,8.6,10,2,10,"['ангела', 'посылают', 'небес', 'помочь', 'отчаянно', 'разочарованному', 'бизнесмену', 'показав', 'жизнь', 'существовал']",ангела посылать небо помочь отчаянно разочаровать бизнесмен показать жизнь существовать,-1,Военные драмы и супергеройские конфликты
21,"<span class=""hero__primary-text"" data-testid=""hero__primary-text"">Семь самураев</span>","Фермеры из деревни, эксплуатируемой бандитами, нанимают ветеран -самурай для защиты, и он собирает шесть других самураев, чтобы присоединиться к нему.",1954,Not Rated,8.6,27,3,9,"['фермеры', 'деревни', 'эксплуатируемой', 'бандитами', 'нанимают', 'ветеран', 'самурай', 'защиты', 'собирает', 'шесть', 'других', 'самураев', 'присоединиться', 'нему']",фермер деревня эксплуатировать бандит нанимать ветеран самурай защита собирать шесть самурай присоединиться,1,Эпическая фантастика и космические приключения
22,"<span class=""hero__primary-text"" data-testid=""hero__primary-text"">Молчание ягнят</span>","Молодой Ф.Б.И. Ка курсант должен получить помощь в заключении и манипулятивном убийце каннибала, чтобы помочь поймать другого серийного убийцы, сумасшедшего, который скорее пострадает.",1991,18+,8.6,58,1,5,"['молодой', 'фби', 'ка', 'курсант', 'должен', 'получить', 'помощь', 'заключении', 'манипулятивном', 'убийце', 'каннибала', 'помочь', 'поймать', 'другого', 'серийного', 'убийцы', 'сумасшедшего', 'скорее', 'пострадает']",молодой фби ка курсант должный получить помощь заключение манипулятивный убийца каннибал помочь поймать серийный убийца сумасшедший скорее пострадать,3,Криминальные триллеры и полицейские расследования
23,"<span class=""hero__primary-text"" data-testid=""hero__primary-text"">Спасти рядового Райана</span>","После посадки в Нормандии группа солдат США идет за вражеской линии, чтобы забрать десантник, чьи братья были убиты в бою.",1998,16+,8.6,49,2,4,"['посадки', 'нормандии', 'группа', 'солдат', 'сша', 'идет', 'вражеской', 'линии', 'забрать', 'десантник', 'чьи', 'братья', 'убиты', 'бою']",посадка нормандия группа солдат сша идти вражеский линия забрать десантник чей брат убить бой,1,Эпическая фантастика и космические приключения
24,"<span class=""hero__primary-text"" data-testid=""hero__primary-text"">Город Бога</span>","В трущобах Рио два детских путях расходятся, когда один из них пытается стать фотографом, а другой - королем.",2002,16+,8.6,10,2,4,"['трущобах', 'рио', 'детских', 'путях', 'расходятся', 'пытается', 'стать', 'фотографом', 'королем']",трущоба рио детский путь расходиться пытаться стать фотограф король,0,Повседневные драмы и семейные истории
25,"<span class=""hero__primary-text"" data-testid=""hero__primary-text"">Зелёная миля</span>","Смертельный охранник узнает, что нежный гигант в его атаке обладает таинственным подарком.",1999,14+,8.6,9,3,3,"['смертельный', 'охранник', 'узнает', 'нежный', 'гигант', 'атаке', 'обладает', 'таинственным', 'подарком']",смертельный охранник узнать нежный гигант атака обладать таинственный подарок,-1,Военные драмы и супергеройские конфликты
26,"<span class=""hero__primary-text"" data-testid=""hero__primary-text"">Жизнь прекрасна</span>","Когда открытый еврейский официант и его сын становятся жертвами Холокоста, он использует идеальную смесь воли, юмора и воображения, чтобы защитить своего сына от опасностей вокруг их лагеря.",1997,0+,8.6,56,1,1,"['открытый', 'еврейский', 'официант', 'сын', 'становятся', 'жертвами', 'холокоста', 'использует', 'идеальную', 'смесь', 'воли', 'юмора', 'воображения', 'защитить', 'своего', 'сына', 'опасностей', 'вокруг', 'лагеря']",открытый еврейский официант сын становиться жертва холокост использовать идеальный смесь воля юмор воображение защитить сын опасность вокруг лагерь,-1,Военные драмы и супергеройские конфликты
27,"<span class=""hero__primary-text"" data-testid=""hero__primary-text"">Терминатор 2: Судный день</span>","Киборг, идентичный тем, кто не смог убить Сару Коннор, теперь должен защитить своего десятилетнего сына Джона от еще более продвинутого и могущественного киборга.",1991,16+,8.6,17,2,4,"['киборг', 'идентичный', 'смог', 'убить', 'сару', 'коннор', 'должен', 'защитить', 'своего', 'десятилетнего', 'сына', 'джона', 'продвинутого', 'могущественного', 'киборга']",киборг идентичный смочь убить сара коннора должный защитить десятилетний сын джон продвинуть могущественный киборг,1,Эпическая фантастика и космические приключения
28,"<span class=""hero__primary-text"" data-testid=""hero__primary-text"">Звёздные войны: Эпизод 4 - Новая надежда</span>","Люк Скайуокер объединяет усилия с рыцарем-джедаем, дерзким пилотом, вуки и двумя дроидами, чтобы спасти галактику от боевой станции, разрушающей мир империи, а также пытается спасти ... прочитать все",1977,0+,8.6,1,2,1,"['люк', 'скайуокер', 'объединяет', 'усилия', 'рыцаремджедаем', 'дерзким', 'пилотом', 'вуки', 'двумя', 'дроидами', 'спасти', 'галактику', 'боевой', 'станции', 'разрушающей', 'мир', 'империи', 'также', 'пытается', 'спасти', 'прочитать']",люк скайуокер объединять усилие рыцаремджедать дерзкий пилот вук дроид спасти галактика боевой станция разрушать мир империя также пытаться спасти прочитать,1,Эпическая фантастика и космические приключения
29,"<span class=""hero__primary-text"" data-testid=""hero__primary-text"">Назад в будущее</span>","Марти МакФлай, 17-летний ученик средней школы, случайно отправил 30 лет в прошлое в путешествии во времени Делореан, изобретенного его близким другом, научным сотрудником Доком Брауном.",1985,12+,8.5,56,1,2,"['марти', 'макфлай', '17летний', 'ученик', 'средней', 'школы', 'случайно', 'отправил', '30', 'лет', 'прошлое', 'путешествии', 'времени', 'делореан', 'изобретенного', 'близким', 'другом', 'научным', 'сотрудником', 'доком', 'брауном']",марти макфлай 17летний ученик средний школа случайно отправить 30 прошлое путешествие время делореан изобрести близкие друг научный сотрудник док браун,0,Повседневные драмы и семейные истории
30,"<span class=""hero__primary-text"" data-testid=""hero__primary-text"">Унесённые призраками</span>","Во время переезда своей семьи в пригороды угрюмая 10-летняя девочка бродит в мир, которым управляют боги, ведьмы и духи, и где люди превращаются в зверей.",2001,12+,8.6,4,2,2,"['время', 'переезда', 'своей', 'семьи', 'пригороды', 'угрюмая', '10летняя', 'девочка', 'бродит', 'мир', 'которым', 'управляют', 'боги', 'ведьмы', 'духи', 'люди', 'превращаются', 'зверей']",время переезд семья пригород угрюмый 10летний девочка бродить мир управлять бог ведьма дух человек превращаться зверь,0,Повседневные драмы и семейные истории
31,"<span class=""hero__primary-text"" data-testid=""hero__primary-text"">Пианист</span>","Во время Второй мировой войны известный польский музыкант Wladyslaw сталкивается с различной борьбой, поскольку он теряет контакт со своей семьей. Когда ситуация ухудшается, он прячется в руинах Варшавы, чтобы выжить.",2002,16+,8.5,30,2,4,"['время', 'второй', 'мировой', 'войны', 'известный', 'польский', 'музыкант', 'wladyslaw', 'сталкивается', 'различной', 'борьбой', 'поскольку', 'теряет', 'контакт', 'своей', 'семьей', 'ситуация', 'ухудшается', 'прячется', 'руинах', 'варшавы', 'выжить']",время второй мировой война известный польский музыкант wladyslaw сталкиваться различный борьба поскольку терять контакт семья ситуация ухудшаться прятаться руина варшава выжить,0,Повседневные драмы и семейные истории
32,"<span class=""hero__primary-text"" data-testid=""hero__primary-text"">Гладиатор</span>","Бывший римский генерал намерен точно месть против коррумпированного императора, который убил его семью и отправил его в рабство.",2000,18+,8.5,35,2,5,"['бывший', 'римский', 'генерал', 'намерен', 'точно', 'месть', 'против', 'коррумпированного', 'императора', 'убил', 'семью', 'отправил', 'рабство']",бывший римский генерал намеренный точно месть против коррумпировать император убить семья отправить рабство,-1,Военные драмы и супергеройские конфликты
33,"<span class=""hero__primary-text"" data-testid=""hero__primary-text"">Паразиты</span>",Жадность и дискриминация класса угрожают недавно сформированным симбиотическим отношениям между богатой семьей парка и обездоленным кланом Ким.,2019,18+,8.5,12,2,5,"['жадность', 'дискриминация', 'класса', 'угрожают', 'недавно', 'сформированным', 'симбиотическим', 'отношениям', 'богатой', 'семьей', 'парка', 'обездоленным', 'кланом', 'ким']",жадность дискриминация класс угрожать недавно сформировать симбиотический отношение богатый семья парк обездолить клан ким,0,Повседневные драмы и семейные истории
34,"<span class=""hero__primary-text"" data-testid=""hero__primary-text"">Психо</span>","Секретарь по прибеганию к растрату укрывается в уединенном калифорнийском мотеле, принадлежащем подавленному человеку и его властной матери.",1960,16+,8.5,49,1,4,"['секретарь', 'прибеганию', 'растрату', 'укрывается', 'уединенном', 'калифорнийском', 'мотеле', 'принадлежащем', 'подавленному', 'человеку', 'властной', 'матери']",секретарь прибеганий растрата укрываться уединённый калифорнийский мотель принадлежать подавить человек властный мать,-1,Военные драмы и супергеройские конфликты
35,"<span class=""hero__primary-text"" data-testid=""hero__primary-text"">Король лев</span>","Принц Лев Симба и его отец подвергаются нападению его горького дяди, который хочет подняться на престол.",1994,0+,8.5,28,1,1,"['принц', 'лев', 'симба', 'отец', 'подвергаются', 'нападению', 'горького', 'дяди', 'хочет', 'подняться', 'престол']",принц лев симб отец подвергаться нападение горький дядя хотеть подняться престол,1,Эпическая фантастика и космические приключения
36,"<span class=""hero__primary-text"" data-testid=""hero__primary-text"">Могила светлячков</span>",Молодой мальчик и его младшая сестра изо всех сил пытаются выжить в Японии во время Второй мировой войны.,1988,12+,8.5,28,1,2,"['молодой', 'мальчик', 'младшая', 'сестра', 'изо', 'сил', 'пытаются', 'выжить', 'японии', 'время', 'второй', 'мировой', 'войны']",молодой мальчик младший сестра сила пытаться выжить япония время второй мировой война,2,Исторические драмы о Второй мировой войне
37,"<span class=""hero__primary-text"" data-testid=""hero__primary-text"">Отступники</span>","Полицейский под прикрытием и родинка в полиции пытаются идентифицировать друг друга, проникнув в ирландскую банду в Южном Бостоне.",2006,16+,8.5,31,2,4,"['полицейский', 'прикрытием', 'родинка', 'полиции', 'пытаются', 'идентифицировать', 'друг', 'друга', 'проникнув', 'ирландскую', 'банду', 'южном', 'бостоне']",полицейский прикрытие родинка полиция пытаться идентифицировать друг друг проникнуть ирландский банда южный бостон,3,Криминальные триллеры и полицейские расследования
38,"<span class=""hero__primary-text"" data-testid=""hero__primary-text"">Одержимость</span>","Многообещающий молодой барабанщик записывается в музыкальную консерваторию, где его мечты о величии обучаются инструктором, который не остановится ни перед чем, чтобы реализовать потенциал студента.",2014,16+,8.5,46,1,4,"['многообещающий', 'молодой', 'барабанщик', 'записывается', 'музыкальную', 'консерваторию', 'мечты', 'величии', 'обучаются', 'инструктором', 'остановится', 'реализовать', 'потенциал', 'студента']",многообещающий молодой барабанщик записываться музыкальный консерватория мечта величие обучаться инструктор остановиться реализовать потенциал студент,0,Повседневные драмы и семейные истории
39,"<span class=""hero__primary-text"" data-testid=""hero__primary-text"">Харакири</span>","Когда Ронин, прося Сеппуку во дворце феодального лорда, рассказывается о жестоком самоубийстве другого Ронина, который ранее посещал, он показывает, как их прошлые переплетаются - и при этом ... прочтите все",1962,Not Rated,8.6,13,2,9,"['ронин', 'прося', 'сеппуку', 'дворце', 'феодального', 'лорда', 'рассказывается', 'жестоком', 'самоубийстве', 'другого', 'ронина', 'ранее', 'посещал', 'показывает', 'прошлые', 'переплетаются', 'прочтите']",ронина просить сеппук дворец феодальный лорд рассказываться жестокий самоубийство ронина ранее посещать показывать прошлый переплетаться прочесть,-1,Военные драмы и супергеройские конфликты
40,"<span class=""hero__primary-text"" data-testid=""hero__primary-text"">Американская история Икс</span>","Живая жизнью, отмеченная насилием, Неонацистский Дерек, наконец, отправляется в тюрьму после убийства двух чернокожих молодых людей. После его освобождения Дерек клянется измениться; Он надеется предотвратить его брата Дэнни, который идентифицирует",1998,16+,8.5,59,1,4,"['живая', 'жизнью', 'отмеченная', 'насилием', 'неонацистский', 'дерек', 'отправляется', 'тюрьму', 'убийства', 'двух', 'чернокожих', 'молодых', 'людей', 'освобождения', 'дерек', 'клянется', 'измениться', 'надеется', 'предотвратить', 'брата', 'дэнни', 'идентифицирует']",живой жизнь отметить насилие неонацистский дерек отправляться тюрьма убийство чернокожий молодой человек освобождение дерек клясться измениться надеяться предотвратить брат дэнни идентифицировать,0,Повседневные драмы и семейные истории
41,"<span class=""hero__primary-text"" data-testid=""hero__primary-text"">Престиж</span>",Соперничающие маги 19-го века вступают в горькую битву за коммерческие секреты.,2006,12+,8.5,10,2,2,"['соперничающие', 'маги', '19го', 'века', 'вступают', 'горькую', 'битву', 'коммерческие', 'секреты']",соперничать маг 19го век вступать горький битва коммерческий секрет,3,Криминальные триллеры и полицейские расследования
42,"<span class=""hero__primary-text"" data-testid=""hero__primary-text"">Леон</span>",Итальянский хит -мужчина защищает нью -йоркскую сироту.,1994,16+,8.5,50,1,4,"['итальянский', 'хит', 'мужчина', 'защищает', 'нью', 'йоркскую', 'сироту']",итальянский хит мужчина защищать нью йоркский сирота,-1,Военные драмы и супергеройские конфликты
43,"<span class=""hero__primary-text"" data-testid=""hero__primary-text"">Человек-паук: Паутина вселенных</span>","Путешествуя по мультивселенной, Майлз Моралес встречает новую команду пауков, состоящую из героев из разных измерений. Но когда герои сталкиваются с тем, как справиться с новой угрозой, м ... прочитайте все",2023,6+,8.5,20,2,6,"['путешествуя', 'мультивселенной', 'майлз', 'моралес', 'встречает', 'новую', 'команду', 'пауков', 'состоящую', 'героев', 'разных', 'измерений', 'герои', 'сталкиваются', 'справиться', 'новой', 'угрозой', 'м', 'прочитайте']",путешествовать мультивселенная майлз моралеса встречать новый команда паук состоять герой разный измерение герой сталкиваться справиться новый угроза м прочитать,1,Эпическая фантастика и космические приключения
44,"<span class=""hero__primary-text"" data-testid=""hero__primary-text"">Касабланка</span>","Циничный экспатриант американский владелец кафе изо всех сил пытается решить, помогать ли его бывшему любовнику и ее бегтерцу избежать нацистов во французском Марокко.",1942,6+,8.5,42,1,6,"['циничный', 'экспатриант', 'американский', 'владелец', 'кафе', 'изо', 'сил', 'пытается', 'решить', 'помогать', 'бывшему', 'любовнику', 'бегтерцу', 'избежать', 'нацистов', 'французском', 'марокко']",циничный экспатриант американский владелец кафе сила пытаться решить помогать бывший любовник бегтерец избежать нацист французский марокко,3,Криминальные триллеры и полицейские расследования
45,"<span class=""hero__primary-text"" data-testid=""hero__primary-text"">Подозрительные лица</span>","Единственный выживший в результате перестрелки пирса рассказывает историю о том, как пресловутый преступник повлиял на события, которые начались с пяти преступников, собравшихся в кажущейся случайной полицейской линейке.",1995,16+,8.5,46,1,4,"['единственный', 'выживший', 'результате', 'перестрелки', 'пирса', 'рассказывает', 'историю', 'пресловутый', 'преступник', 'повлиял', 'события', 'которые', 'начались', 'пяти', 'преступников', 'собравшихся', 'кажущейся', 'случайной', 'полицейской', 'линейке']",единственный выжить результат перестрелка пирс рассказывать история пресловутый преступник повлиять событие начаться пять преступник собраться кажущийся случайный полицейский линейка,3,Криминальные триллеры и полицейские расследования
46,"<span class=""hero__primary-text"" data-testid=""hero__primary-text"">1+1</span>","После того, как он становится четырехлетним из аварии на парапланеринге, аристократ нанимает молодого человека из проектов, чтобы он был его попечителем.",2011,14+,8.5,52,1,3,"['становится', 'четырехлетним', 'аварии', 'парапланеринге', 'аристократ', 'нанимает', 'молодого', 'человека', 'проектов', 'попечителем']",становиться четырёхлетний авария парапланеринга аристократ нанимать молодой человек проект попечитель,0,Повседневные драмы и семейные истории
47,"<span class=""hero__primary-text"" data-testid=""hero__primary-text"">Новый кинотеатр «Парадизо»</span>","Сальваторе, известный режиссер, возвращается в свой родной город на похороны резокриста местного театра Альфредо. Он вспоминает о своей жизни, когда молодой мальчик влюбился с ... читайте все",1988,16+,8.5,54,2,4,"['сальваторе', 'известный', 'режиссер', 'возвращается', 'родной', 'город', 'похороны', 'резокриста', 'местного', 'театра', 'альфредо', 'вспоминает', 'своей', 'жизни', 'молодой', 'мальчик', 'влюбился', 'читайте']",сальватор известный режиссёр возвращаться родный город похороны резокриста местный театр альфредо вспоминать жизнь молодой мальчик влюбиться читать,0,Повседневные драмы и семейные истории
48,"<span class=""hero__primary-text"" data-testid=""hero__primary-text"">Новые времена</span>",Бродяга изо всех сил пытается жить в современном промышленном обществе с помощью молодой бездомной женщины.,1936,0+,8.5,27,1,1,"['бродяга', 'изо', 'сил', 'пытается', 'жить', 'современном', 'промышленном', 'обществе', 'помощью', 'молодой', 'бездомной', 'женщины']",бродяга сила пытаться жить современный промышленный общество помощь молодой бездомный женщина,0,Повседневные драмы и семейные истории
49,"<span class=""hero__primary-text"" data-testid=""hero__primary-text"">Чужой</span>",После изучения таинственной передачи неизвестного происхождения экипаж коммерческого космического корабля встречает смертельную форму жизни.,1979,18+,8.5,57,1,5,"['изучения', 'таинственной', 'передачи', 'неизвестного', 'происхождения', 'экипаж', 'коммерческого', 'космического', 'корабля', 'встречает', 'смертельную', 'форму', 'жизни']",изучение таинственный передача неизвестный происхождение экипаж коммерческий космический корабль встречать смертельный форма жизнь,1,Эпическая фантастика и космические приключения
50,"<span class=""hero__primary-text"" data-testid=""hero__primary-text"">Окно во двор</span>","Скучный фотограф, выздоравливающий от сломанной ноги, проходит время, наблюдая за своими соседями и начинает подозревать одного из них об убийстве.",1954,12+,8.5,52,1,2,"['скучный', 'фотограф', 'выздоравливающий', 'сломанной', 'ноги', 'проходит', 'время', 'наблюдая', 'своими', 'соседями', 'начинает', 'подозревать', 'одного', 'убийстве']",скучный фотограф выздоравливать сломать нога проходить время наблюдать сосед начинать подозревать убийство,3,Криминальные триллеры и полицейские расследования
51,"<span class=""hero__primary-text"" data-testid=""hero__primary-text"">Однажды на Диком Западе</span>","Загадочный незнакомец с гармоникой объединяет усилия с печально известным отчаянием, чтобы защитить прекрасную вдову от безжалостной убийцы, работающей на железной дороге.",1968,PG-13,8.5,46,2,11,"['загадочный', 'незнакомец', 'гармоникой', 'объединяет', 'усилия', 'печально', 'известным', 'отчаянием', 'защитить', 'прекрасную', 'вдову', 'безжалостной', 'убийцы', 'работающей', 'железной', 'дороге']",загадочный незнакомец гармоника объединять усилие печально известный отчаяние защитить прекрасный вдова безжалостный убийца работать железный дорога,0,Повседневные драмы и семейные истории
52,"<span class=""hero__primary-text"" data-testid=""hero__primary-text"">Джанго освобождённый</span>","С помощью немецкой охотника за щедрости, освобожденный раб, который собирается спасти свою жену от жестокого владельца плантации в Миссисипи.",2012,18+,8.5,45,2,5,"['помощью', 'немецкой', 'охотника', 'щедрости', 'освобожденный', 'раб', 'собирается', 'спасти', 'жену', 'жестокого', 'владельца', 'плантации', 'миссисипи']",помощь немецкий охотник щедрость освободить раб собираться спасти жена жестокий владелец плантация миссисипи,3,Криминальные триллеры и полицейские расследования
53,"<span class=""hero__primary-text"" data-testid=""hero__primary-text"">Огни большого города</span>","С помощью богатого беспорядочного Tippler, бродяги с влажными глазами, который влюбился в невидимую цветочную девушку, накапливает деньги, чтобы помогать ей медицинской помощи.",1931,G,8.5,27,1,8,"['помощью', 'богатого', 'беспорядочного', 'tippler', 'бродяги', 'влажными', 'глазами', 'влюбился', 'невидимую', 'цветочную', 'девушку', 'накапливает', 'деньги', 'помогать', 'медицинской', 'помощи']",помощь богатый беспорядочный tippler бродяга влажный глаз влюбиться невидимый цветочный девушка накапливать деньга помогать медицинский помощь,0,Повседневные драмы и семейные истории
54,"<span class=""hero__primary-text"" data-testid=""hero__primary-text"">Апокалипсис сегодня</span>","Офицеру армии США, служащего во Вьетнаме, поручено убийством полковника спецназа Renegade, который считает себя Богом.",1979,18+,8.4,27,2,5,"['офицеру', 'армии', 'сша', 'служащего', 'вьетнаме', 'поручено', 'убийством', 'полковника', 'спецназа', 'renegade', 'считает', 'богом']",офицер армия сша служащий вьетнам поручить убийство полковник спецназ renegade считать бог,-1,Военные драмы и супергеройские конфликты
55,"<span class=""hero__primary-text"" data-testid=""hero__primary-text"">Дюна: Часть вторая</span>","Пол Атрейдес объединяется с Фременом, находясь на пути мести, отомстив заговорщикам, которые уничтожили его семью. Столкнувшись с выбором между любовью всей его жизни и судьбой Вселенной ... Прочтите все",2024,PG-13,8.5,46,2,11,"['пол', 'атрейдес', 'объединяется', 'фременом', 'находясь', 'пути', 'мести', 'отомстив', 'заговорщикам', 'которые', 'уничтожили', 'семью', 'столкнувшись', 'выбором', 'любовью', 'всей', 'жизни', 'судьбой', 'вселенной', 'прочтите']",пол атрейдес объединяться фременом находиться путь месть отомстить заговорщик уничтожить семья столкнуться выбор любовь весь жизнь судьба вселенная прочесть,1,Эпическая фантастика и космические приключения
56,"<span class=""hero__primary-text"" data-testid=""hero__primary-text"">Помни</span>","Леонард Шелби, следователь по страхованию, страдает от антероградной амнезии и использует заметки и татуировки, чтобы охотиться за человеком, который, по его мнению, убил его жену, что является последним, что он помнит.",2000,16+,8.4,53,1,4,"['леонард', 'шелби', 'следователь', 'страхованию', 'страдает', 'антероградной', 'амнезии', 'использует', 'заметки', 'татуировки', 'охотиться', 'человеком', 'мнению', 'убил', 'жену', 'является', 'последним', 'помнит']",леонард шелбить следователь страхование страдать антероградный амнезия использовать заметка татуировка охотиться человек мнение убить жена являться последний помнить,3,Криминальные триллеры и полицейские расследования
57,"<span class=""hero__primary-text"" data-testid=""hero__primary-text"">ВАЛЛ·И</span>","Робот, который отвечает за очистку покрытой отходом земля, встречает другого робота и влюбляется в нее. Вместе они отправились в путешествие, которое изменит судьбу человечества.",2008,0+,8.4,38,1,1,"['робот', 'отвечает', 'очистку', 'покрытой', 'отходом', 'земля', 'встречает', 'другого', 'робота', 'влюбляется', 'вместе', 'отправились', 'путешествие', 'которое', 'изменит', 'судьбу', 'человечества']",робот отвечать очистка покрыть отход земля встречать робот влюбляться вместе отправиться путешествие изменить судьба человечество,1,Эпическая фантастика и космические приключения
58,"<span class=""hero__primary-text"" data-testid=""hero__primary-text"">Индиана Джонс: В поисках утраченного ковчега</span>","В 1936 году археологи и авантюристы правительства США наняли Индиана Джонс, чтобы найти Ковчег Завета, прежде чем нацисты смогли получить свои необычайные полномочия.",1981,0+,8.4,55,1,1,"['1936', 'году', 'археологи', 'авантюристы', 'правительства', 'сша', 'наняли', 'индиана', 'джонс', 'найти', 'ковчег', 'завета', 'прежде', 'нацисты', 'смогли', 'получить', 'свои', 'необычайные', 'полномочия']",1936 археолог авантюрист правительство сша нанять индиана джонс найти ковчег завет прежде нацист смочь получить необычайный полномочие,2,Исторические драмы о Второй мировой войне
59,"<span class=""hero__primary-text"" data-testid=""hero__primary-text"">Жизнь других</span>","В 1984 году в Восточном Берлине агент секретной полиции, проводящего наблюдение за писателем и его любовником, становится все более поглощенным своей жизнью.",2006,16+,8.4,17,2,4,"['1984', 'году', 'восточном', 'берлине', 'агент', 'секретной', 'полиции', 'проводящего', 'наблюдение', 'писателем', 'любовником', 'становится', 'поглощенным', 'своей', 'жизнью']",1984 восточный берлин агент секретный полиция проводить наблюдение писатель любовник становиться поглотить жизнь,3,Криминальные триллеры и полицейские расследования
60,"<span class=""hero__primary-text"" data-testid=""hero__primary-text"">Мстители: Война бесконечности</span>","Мстители и их союзники должны быть готовы пожертвовать всеми в попытке победить могущественных Таноса, прежде чем его блиц разрушительного и руина положит конец вселенной.",2018,16+,8.4,29,2,4,"['мстители', 'союзники', 'должны', 'готовы', 'пожертвовать', 'всеми', 'попытке', 'победить', 'могущественных', 'таноса', 'прежде', 'блиц', 'разрушительного', 'руина', 'положит', 'конец', 'вселенной']",мститель союзник должный готовый пожертвовать весь попытка победить могущественный танос прежде блиц разрушительный руина положить конец вселенная,1,Эпическая фантастика и космические приключения
61,"<span class=""hero__primary-text"" data-testid=""hero__primary-text"">Сансет бульвар</span>","Сценарист развивает опасные отношения с выцветшей кинозвездой, решившей, чтобы сделать триумфальное возвращение.",1950,Approved,8.4,50,1,7,"['сценарист', 'развивает', 'опасные', 'отношения', 'выцветшей', 'кинозвездой', 'решившей', 'сделать', 'триумфальное', 'возвращение']",сценарист развивать опасный отношение выцветший кинозвезда решить сделать триумфальный возвращение,0,Повседневные драмы и семейные истории
62,"<span class=""hero__primary-text"" data-testid=""hero__primary-text"">Человек-паук: Через Вселенные</span>","Teen Miles Morales становится Человеком-пауком своей вселенной и должен присоединиться к пять человек с пауками из других измерений, чтобы остановить угрозу для всех реалий.",2018,6+,8.4,57,1,6,"['teen', 'miles', 'morales', 'становится', 'человекомпауком', 'своей', 'вселенной', 'должен', 'присоединиться', 'пять', 'человек', 'пауками', 'других', 'измерений', 'остановить', 'угрозу', 'реалий']",teen miles morales становиться человекомпаукома вселенная должный присоединиться пять человек паук измерение остановить угроза реалия,1,Эпическая фантастика и космические приключения
63,"<span class=""hero__primary-text"" data-testid=""hero__primary-text"">Тропы славы</span>","Полковник защищает трех своих солдат в военном суде после того, как они отказываются от суицидальной атаки.",1957,Approved,8.4,28,1,7,"['полковник', 'защищает', 'трех', 'своих', 'солдат', 'военном', 'суде', 'отказываются', 'суицидальной', 'атаки']",полковник защищать солдат военный суд отказываться суицидальный атака,-1,Военные драмы и супергеройские конфликты
64,"<span class=""hero__primary-text"" data-testid=""hero__primary-text"">Свидетель обвинения</span>","Ветеран британский адвокат должен защищать своего клиента в ходе судебного разбирательства, который удивил после удивления.",1957,Approved,8.4,56,1,7,"['ветеран', 'британский', 'адвокат', 'должен', 'защищать', 'своего', 'клиента', 'ходе', 'судебного', 'разбирательства', 'удивил', 'удивления']",ветеран британский адвокат должный защищать клиент ход судебный разбирательство удивить удивление,3,Криминальные триллеры и полицейские расследования
65,"<span class=""hero__primary-text"" data-testid=""hero__primary-text"">Сияние</span>","Семья направляется в изолированный отель на зиму, где зловещее присутствие влияет на отца на насилие. В то же время его экстрасенс",1980,18+,8.4,26,2,5,"['семья', 'направляется', 'изолированный', 'отель', 'зиму', 'зловещее', 'присутствие', 'влияет', 'отца', 'насилие', 'время', 'экстрасенс']",семья направляться изолировать отель зима зловещий присутствие влиять отец насилие время экстрасенс,-1,Военные драмы и супергеройские конфликты
66,"<span class=""hero__primary-text"" data-testid=""hero__primary-text"">Великий диктатор</span>","Диктатор Аденоид Хинкель пытается расширить свою империю, в то время как бедный еврейский парикмахер пытается избежать преследований с режима Хинкеля.",1940,0+,8.4,5,2,1,"['диктатор', 'аденоид', 'хинкель', 'пытается', 'расширить', 'империю', 'время', 'бедный', 'еврейский', 'парикмахер', 'пытается', 'избежать', 'преследований', 'режима', 'хинкеля']",диктатор аденоид хинкель пытаться расширить империя время бедный еврейский парикмахер пытаться избежать преследование режим хинкель,2,Исторические драмы о Второй мировой войне
67,"<span class=""hero__primary-text"" data-testid=""hero__primary-text"">12-я неудача</span>",Реальная история офицера IPS Маноджа Кумара Шарма и офицера IRS Шраддха Джоши.,2023,Not Rated,8.8,27,2,9,"['реальная', 'история', 'офицера', 'ips', 'маноджа', 'кумара', 'шарма', 'офицера', 'irs', 'шраддха', 'джоши']",реальный история офицер ips манодж кумар шарм офицер irs шраддх джоша,-1,Военные драмы и супергеройские конфликты
68,"<span class=""hero__primary-text"" data-testid=""hero__primary-text"">Чужой 2</span>","Через десятилетия после выживания инцидента с Ностромо Эллен Рипли отправляют, чтобы восстановить контакт с терраформирующей колонией, но она сражается с королевой инопланетян и ее потомством.",1986,16+,8.4,17,2,4,"['десятилетия', 'выживания', 'инцидента', 'ностромо', 'эллен', 'рипли', 'отправляют', 'восстановить', 'контакт', 'терраформирующей', 'колонией', 'сражается', 'королевой', 'инопланетян', 'потомством']",десятилетие выживание инцидент ностромый эллен рипнуть отправлять восстановить контакт терраформировать колония сражаться королева инопланетянин потомство,1,Эпическая фантастика и космические приключения
69,"<span class=""hero__primary-text"" data-testid=""hero__primary-text"">Бесславные ублюдки</span>",Во время Второй мировой войны во время Второй мировой войны план убийства нацистских лидеров группой еврейских солдат США совпадает с мстительными планами владельца театра на то же самое.,2009,18+,8.4,33,2,5,"['время', 'второй', 'мировой', 'войны', 'время', 'второй', 'мировой', 'войны', 'план', 'убийства', 'нацистских', 'лидеров', 'группой', 'еврейских', 'солдат', 'сша', 'совпадает', 'мстительными', 'планами', 'владельца', 'театра', 'самое']",время второй мировой война время второй мировой война план убийство нацистский лидер группа еврейский солдат сша совпадать мстительный план владелец театр самый,2,Исторические драмы о Второй мировой войне
70,"<span class=""hero__primary-text"" data-testid=""hero__primary-text"">Тёмный рыцарь: Возрождение легенды</span>","Бэйн, внушительный террорист, нападает на Готэм-Сити и нарушает свой восьмилетний период мира. Это заставляет Брюса Уэйна выйти из скрытия и снова надеть накидку и капот Бэтмена.",2012,12+,8.4,44,2,2,"['бэйн', 'внушительный', 'террорист', 'нападает', 'готэмсити', 'нарушает', 'восьмилетний', 'период', 'мира', 'это', 'заставляет', 'брюса', 'уэйна', 'выйти', 'скрытия', 'снова', 'надеть', 'накидку', 'капот', 'бэтмена']",бэйн внушительный террорист нападать готэмсити нарушать восьмилетний период мир это заставлять брюс уэйн выйти скрытие снова надеть накидка капот бэтмена,-1,Военные драмы и супергеройские конфликты
71,"<span class=""hero__primary-text"" data-testid=""hero__primary-text"">Тайна Коко</span>","Стремительный музыкант Мигель, столкнувшись с наследственным запретом своей семьи на музыку, входит в землю мертвых, чтобы найти своего пра-пра-дедушки, легендарного певца.",2017,12+,8.4,45,1,2,"['стремительный', 'музыкант', 'мигель', 'столкнувшись', 'наследственным', 'запретом', 'своей', 'семьи', 'музыку', 'входит', 'землю', 'мертвых', 'найти', 'своего', 'прапрадедушки', 'легендарного', 'певца']",стремительный музыкант мигель столкнуться наследственный запрет семья музыка входить земля мёртвый найти прапрадедушка легендарный певец,0,Повседневные драмы и семейные истории
72,"<span class=""hero__primary-text"" data-testid=""hero__primary-text"">Амадей</span>","Жизнь, успех и неприятности Вольфганга Амадея Моцарта, как сказал Антонио Сальери, современный композитор, который глубоко завидовал таланту Моцарта и утверждал, что убил его ... прочтите все",1984,PG,8.4,40,2,10,"['жизнь', 'успех', 'неприятности', 'вольфганга', 'амадея', 'моцарта', 'сказал', 'антонио', 'сальери', 'современный', 'композитор', 'глубоко', 'завидовал', 'таланту', 'моцарта', 'утверждал', 'убил', 'прочтите']",жизнь успех неприятность вольфганг амадей моцарт сказать антонио сальери современный композитор глубоко завидовать талант моцарт утверждать убить прочесть,0,Повседневные драмы и семейные истории
73,"<span class=""hero__primary-text"" data-testid=""hero__primary-text"">История игрушек</span>","Ковбойская кукла глубоко угрожает и завидует, когда новая фигура по борьбе с космосором вытесняет его в качестве лучшей игрушки в спальне мальчика.",1995,6+,8.3,21,1,6,"['ковбойская', 'кукла', 'глубоко', 'угрожает', 'завидует', 'новая', 'фигура', 'борьбе', 'космосором', 'вытесняет', 'качестве', 'лучшей', 'игрушки', 'спальне', 'мальчика']",ковбойский кукла глубоко угрожать завидовать новый фигура борьба космосором вытеснять качество хороший игрушка спальня мальчик,1,Эпическая фантастика и космические приключения
74,"<span class=""hero__primary-text"" data-testid=""hero__primary-text"">Мстители: Финал</span>","После разрушительных событий Мтситетели: ВОЕННАЯ БОСКОНЕГЕАНА (2018) вселенная находится в руинах. С помощью оставшихся союзников Мстители собираются еще раз, чтобы повернуть в виду Танос ... прочитать все",2019,16+,8.4,1,3,4,"['разрушительных', 'событий', 'мтситетели', 'военная', 'босконегеана', '2018', 'вселенная', 'находится', 'руинах', 'помощью', 'оставшихся', 'союзников', 'мстители', 'собираются', 'повернуть', 'виду', 'танос', 'прочитать']",разрушительный событие мтситететь военный босконегеана 2018 вселенная находиться руина помощь остаться союзник мститель собираться повернуть вид танос прочитать,-1,Военные драмы и супергеройские конфликты
75,"<span class=""hero__primary-text"" data-testid=""hero__primary-text"">Умница Уилл Хантинг</span>","У Уилл Хантинг, уборщик в MIT, есть подарок для математики, но нуждается в помощи психолога, чтобы найти направление в его жизни.",1997,16+,8.3,6,2,4,"['уилл', 'хантинг', 'уборщик', 'mit', 'подарок', 'математики', 'нуждается', 'помощи', 'психолога', 'найти', 'направление', 'жизни']",уилла хантинг уборщик mit подарок математика нуждаться помощь психолог найти направление жизнь,0,Повседневные драмы и семейные истории
76,"<span class=""hero__primary-text"" data-testid=""hero__primary-text"">Олдбой</span>","После того, как он был похищен и заключен в тюрьму в течение пятнадцати лет, Огал Дэ-су освобождается, только чтобы обнаружить, что он должен отследить своего похитителя за пять дней.",2003,18+,8.3,0,2,5,"['похищен', 'заключен', 'тюрьму', 'течение', 'пятнадцати', 'лет', 'огал', 'дэсу', 'освобождается', 'обнаружить', 'должен', 'отследить', 'своего', 'похитителя', 'пять', 'дней']",похитить заключить тюрьма течение пятнадцать огала дэс освобождаться обнаружить должный отследить похититель пять день,3,Криминальные триллеры и полицейские расследования
77,"<span class=""hero__primary-text"" data-testid=""hero__primary-text"">Доктор Стрейнджлав, или Как я научился не волноваться и полюбил атомную бомбу</span>","Мраво неуравновешенная американская общая приказывает к приступу водородной бомб на Советский Союз, инициируя путь к глобальному ядерному Холокосту, что военная комната, полная политиков и генералов, безумно ... прочитайте все",1964,PG,8.3,35,1,10,"['мраво', 'неуравновешенная', 'американская', 'общая', 'приказывает', 'приступу', 'водородной', 'бомб', 'советский', 'союз', 'инициируя', 'путь', 'глобальному', 'ядерному', 'холокосту', 'военная', 'комната', 'полная', 'политиков', 'генералов', 'безумно', 'прочитайте']",мраво неуравновешенный американский общий приказывать приступ водородный бомба советский союз инициировать путь глобальный ядерный холокост военный комната полный политик генерал безумно прочитать,2,Исторические драмы о Второй мировой войне
78,"<span class=""hero__primary-text"" data-testid=""hero__primary-text"">Красота по-американски</span>","Сексуально разочарованный пригородный отец имеет кризис в середине жизни после того, как он увлекся лучшим другом его дочери.",1999,16+,8.3,2,2,4,"['сексуально', 'разочарованный', 'пригородный', 'отец', 'имеет', 'кризис', 'середине', 'жизни', 'увлекся', 'лучшим', 'другом', 'дочери']",сексуально разочаровать пригородный отец иметь кризис середина жизнь увлечься хороший друг дочь,0,Повседневные драмы и семейные истории
79,"<span class=""hero__primary-text"" data-testid=""hero__primary-text"">Подводная лодка</span>","Немецкая подводная лодка преследует холодные воды Северной Атлантики, когда ее молодая команда испытывает ужас и клаустрофобную жизнь подводного лодка во Второй мировой войне.",1981,Not Rated,8.4,29,2,9,"['немецкая', 'подводная', 'лодка', 'преследует', 'холодные', 'воды', 'северной', 'атлантики', 'молодая', 'команда', 'испытывает', 'ужас', 'клаустрофобную', 'жизнь', 'подводного', 'лодка', 'второй', 'мировой', 'войне']",немецкий подводный лодка преследовать холодное вода северный атлантика молодой команда испытывать ужас клаустрофобный жизнь подводный лодка второй мировой война,2,Исторические драмы о Второй мировой войне
80,"<span class=""hero__primary-text"" data-testid=""hero__primary-text"">Храброе сердце</span>","Шотландский воин Уильям Уоллес ведет своих соотечественников в восстании, чтобы освободить свою родину от тирании короля Эдварда I из Англии.",1995,16+,8.3,58,2,4,"['шотландский', 'воин', 'уильям', 'уоллес', 'ведет', 'своих', 'соотечественников', 'восстании', 'освободить', 'родину', 'тирании', 'короля', 'эдварда', 'i', 'англии']",шотландский воин уильям уоллес вести соотечественник восстание освободить родина тирания король эдвард i англия,1,Эпическая фантастика и космические приключения
81,"<span class=""hero__primary-text"" data-testid=""hero__primary-text"">Принцесса Мононоке</span>","Стремясь вылечить себя от проклятия, молодой воин Ашитака наткнулся на конфликт между народом Железного Тауна и принцессой Мононоке, девушкой, воспитанной волками, которая остановится, не ... читать все",1997,12+,8.3,13,2,2,"['стремясь', 'вылечить', 'проклятия', 'молодой', 'воин', 'ашитака', 'наткнулся', 'конфликт', 'народом', 'железного', 'тауна', 'принцессой', 'мононоке', 'девушкой', 'воспитанной', 'волками', 'которая', 'остановится', 'читать']",стремиться вылечить проклятие молодой воин ашитака наткнуться конфликт народ железный тауна принцесса мононок девушка воспитанный волк остановиться читать,1,Эпическая фантастика и космические приключения
82,"<span class=""hero__primary-text"" data-testid=""hero__primary-text"">Твоё имя</span>","Двое подростков имеют глубокую, волшебную связь, обнаружив, что они меняют тела. Все может стать еще сложнее, когда мальчик и девочка решают встретиться лично.",2016,12+,8.4,46,1,2,"['двое', 'подростков', 'имеют', 'глубокую', 'волшебную', 'связь', 'обнаружив', 'меняют', 'тела', 'стать', 'сложнее', 'мальчик', 'девочка', 'решают', 'встретиться', 'лично']",двое подросток иметь глубокий волшебный связь обнаружить менять тело стать сложный мальчик девочка решать встретиться лично,0,Повседневные драмы и семейные истории
83,"<span class=""hero__primary-text"" data-testid=""hero__primary-text"">Рай и ад</span>","Исполнительный директор обувной компании Yokohama становится жертвой вымогательства, когда сын его шофера похищен по ошибке и удерживается за выкуп.",1963,Not Rated,8.4,23,2,9,"['исполнительный', 'директор', 'обувной', 'компании', 'yokohama', 'становится', 'жертвой', 'вымогательства', 'сын', 'шофера', 'похищен', 'ошибке', 'удерживается', 'выкуп']",исполнительный директор обувной компания yokohama становиться жертва вымогательство сын шофер похитить ошибка удерживаться выкуп,3,Криминальные триллеры и полицейские расследования
84,"<span class=""hero__primary-text"" data-testid=""hero__primary-text"">Три идиота</span>","Двое друзей ищут своего давно потерянного спутника. Они возвращаются к своим студенческим дням и вспоминают воспоминания о своем другом, который вдохновил их думать по -другому, даже когда остальная часть Т ... прочитайте все",2009,16+,8.4,50,2,4,"['двое', 'друзей', 'ищут', 'своего', 'давно', 'потерянного', 'спутника', 'возвращаются', 'своим', 'студенческим', 'дням', 'вспоминают', 'воспоминания', 'своем', 'другом', 'вдохновил', 'думать', 'другому', 'остальная', 'часть', 'т', 'прочитайте']",двое друг искать давно потерянный спутник возвращаться студенческий день вспоминать воспоминание друг вдохновить думать остальной часть прочитать,0,Повседневные драмы и семейные истории
85,"<span class=""hero__primary-text"" data-testid=""hero__primary-text"">Джокер</span>","Артур Флек, клоун вечеринки и неудачный комик, ведет обнищавшую жизнь со своей больной матерью. Однако, когда общество избегает его и зафиксирует урод, он решает обнять ... читать все",2019,18+,8.3,2,2,5,"['артур', 'флек', 'клоун', 'вечеринки', 'неудачный', 'комик', 'ведет', 'обнищавшую', 'жизнь', 'своей', 'больной', 'матерью', 'однако', 'общество', 'избегает', 'зафиксирует', 'урод', 'решает', 'обнять', 'читать']",артур флек клоун вечеринка неудачный комик вести обнищать жизнь больной мать однако общество избегать зафиксировать урод решать обнять читать,0,Повседневные драмы и семейные истории
86,"<span class=""hero__primary-text"" data-testid=""hero__primary-text"">Однажды в Америке</span>","Бывший еврейский гангстер эпохи запрета возвращается в нижнюю восточную сторону Манхэттена 35 лет спустя, где он должен снова противостоять призракам и сожалениям о своей старой жизни.",1984,16+,8.3,49,3,4,"['бывший', 'еврейский', 'гангстер', 'эпохи', 'запрета', 'возвращается', 'нижнюю', 'восточную', 'сторону', 'манхэттена', '35', 'лет', 'спустя', 'должен', 'снова', 'противостоять', 'призракам', 'сожалениям', 'своей', 'старой', 'жизни']",бывший еврейский гангстер эпоха запрет возвращаться нижний восточный сторона манхеттен 35 спустя должный снова противостоять призрак сожаление старый жизнь,3,Криминальные триллеры и полицейские расследования
87,"<span class=""hero__primary-text"" data-testid=""hero__primary-text"">Капернаум</span>","Отбывая пятилетний срок за насильственное преступление, 12-летний мальчик предъявляет иск своим родителям за пренебрежение.",2018,18+,8.4,6,2,5,"['отбывая', 'пятилетний', 'срок', 'насильственное', 'преступление', '12летний', 'мальчик', 'предъявляет', 'иск', 'своим', 'родителям', 'пренебрежение']",отбывать пятилетний срок насильственный преступление 12летний мальчик предъявлять иск родитель пренебрежение,-1,Военные драмы и супергеройские конфликты
88,"<span class=""hero__primary-text"" data-testid=""hero__primary-text"">Поющие под дождём</span>","Звезда немой кино влюбляется в припевную девушку так же, как он и его бредовое ревнивое экранное партнер пытаются сделать трудный переход к говорящим картинкам в Голливуде 1920 -х годов.",1952,G,8.3,43,1,8,"['звезда', 'немой', 'кино', 'влюбляется', 'припевную', 'девушку', 'бредовое', 'ревнивое', 'экранное', 'партнер', 'пытаются', 'сделать', 'трудный', 'переход', 'говорящим', 'картинкам', 'голливуде', '1920', 'х', 'годов']",звезда немой кино влюбляться припевный девушка бредовый ревнивый экранный партнёр пытаться сделать трудный переход говорящий картинка голливуд 1920 х,0,Повседневные драмы и семейные истории
89,"<span class=""hero__primary-text"" data-testid=""hero__primary-text"">Иди и смотри</span>","Найдя старую винтовку, молодой мальчик присоединяется к советскому движению сопротивления против безжалостных немецких сил и испытывает ужасы Второй мировой войны.",1985,16+,8.3,22,2,4,"['найдя', 'старую', 'винтовку', 'молодой', 'мальчик', 'присоединяется', 'советскому', 'движению', 'сопротивления', 'против', 'безжалостных', 'немецких', 'сил', 'испытывает', 'ужасы', 'второй', 'мировой', 'войны']",найти старый винтовка молодой мальчик присоединяться советский движение сопротивление против безжалостный немецкий сила испытывать ужас второй мировой война,2,Исторические драмы о Второй мировой войне
90,"<span class=""hero__primary-text"" data-testid=""hero__primary-text"">Реквием по мечте</span>","Утопии, вызванные наркотиками четырех жителей Кони-Айленда, разрушены, когда их пристрастия проходят глубоко.",2000,18+,8.3,42,1,5,"['утопии', 'вызванные', 'наркотиками', 'четырех', 'жителей', 'кониайленда', 'разрушены', 'пристрастия', 'проходят', 'глубоко']",утопия вызвать наркотик четыре житель кониайленд разрушить пристрастие проходить глубоко,3,Криминальные триллеры и полицейские расследования
91,"<span class=""hero__primary-text"" data-testid=""hero__primary-text"">История игрушек: Большой побег</span>","Игрушки ошибочно доставляются в центр дневного ухода, а не на чердаке прямо перед тем, как Энди уходит в колледж, и Вуди должен убедить другие игрушки, что они не были брошены ... Прочтите все",2010,0+,8.3,43,1,1,"['игрушки', 'ошибочно', 'доставляются', 'центр', 'дневного', 'ухода', 'чердаке', 'прямо', 'энди', 'уходит', 'колледж', 'вуди', 'должен', 'убедить', 'другие', 'игрушки', 'брошены', 'прочтите']",игрушка ошибочно доставляться центр дневный уход чердак прямо энди уходить колледж вудить должный убедить игрушка бросить прочесть,1,Эпическая фантастика и космические приключения
92,"<span class=""hero__primary-text"" data-testid=""hero__primary-text"">Звёздные войны. Эпизод 6: Возвращение джедая</span>","После спасения Хана Соло из Джабба Хатта, повстанческий альянс пытается уничтожить вторую звезду смерти, в то время как Люк изо всех сил пытается помочь Дарту Вейдеру вернуться с темной стороны.",1983,0+,8.3,11,2,1,"['спасения', 'хана', 'соло', 'джабба', 'хатта', 'повстанческий', 'альянс', 'пытается', 'уничтожить', 'вторую', 'звезду', 'смерти', 'время', 'люк', 'изо', 'сил', 'пытается', 'помочь', 'дарту', 'вейдеру', 'вернуться', 'темной', 'стороны']",спасение хан соло джабба хатт повстанческий альянс пытаться уничтожить второй звезда смерть время люк сила пытаться помочь дарт вейдрать вернуться тёмный сторона,1,Эпическая фантастика и космические приключения
93,"<span class=""hero__primary-text"" data-testid=""hero__primary-text"">Охота</span>","Учитель живет одинокой жизнью, все время борясь за опеку своего сына. Его жизнь постепенно становится лучше, когда он находит любовь и получает хорошие новости от своего сына, но его новая удача - это ... прочитать все",2012,16+,8.3,55,1,4,"['учитель', 'живет', 'одинокой', 'жизнью', 'время', 'борясь', 'опеку', 'своего', 'сына', 'жизнь', 'постепенно', 'становится', 'находит', 'любовь', 'получает', 'хорошие', 'новости', 'своего', 'сына', 'новая', 'удача', 'это', 'прочитать']",учитель жить одинокий жизнь время бороться опека сын жизнь постепенно становиться находить любовь получать хороший новость сын новый удача это прочитать,0,Повседневные драмы и семейные истории
94,"<span class=""hero__primary-text"" data-testid=""hero__primary-text"">Жить</span>","Бюрократ пытается найти смысл в своей жизни после того, как обнаружит, что у него терминальный рак.",1952,Not Rated,8.3,23,2,9,"['бюрократ', 'пытается', 'найти', 'смысл', 'своей', 'жизни', 'обнаружит', 'терминальный', 'рак']",бюрократ пытаться найти смысл жизнь обнаружить терминальный рак,3,Криминальные триллеры и полицейские расследования
95,"<span class=""hero__primary-text"" data-testid=""hero__primary-text"">Вечное сияние чистого разума</span>","Когда их отношения становятся кислыми, пара проходит медицинскую процедуру, чтобы навсегда стираться друг от друга из их воспоминаний.",2004,16+,8.3,48,1,4,"['отношения', 'становятся', 'кислыми', 'пара', 'проходит', 'медицинскую', 'процедуру', 'навсегда', 'стираться', 'друг', 'друга', 'воспоминаний']",отношение становиться кислый пара проходить медицинский процедура навсегда стираться друг друг воспоминание,0,Повседневные драмы и семейные истории
96,"<span class=""hero__primary-text"" data-testid=""hero__primary-text"">2001 год: Космическая одиссея</span>","Когда на Луне раскрывается таинственный артефакт, космический корабль, укомплектованный двумя людьми, и один суперкомпьютер отправляется в Юпитер, чтобы найти его происхождение.",1968,12+,8.3,29,2,2,"['луне', 'раскрывается', 'таинственный', 'артефакт', 'космический', 'корабль', 'укомплектованный', 'двумя', 'людьми', 'суперкомпьютер', 'отправляется', 'юпитер', 'найти', 'происхождение']",луна раскрываться таинственный артефакт космический корабль укомплектовать человек суперкомпьютер отправляться юпитер найти происхождение,1,Эпическая фантастика и космические приключения
97,"<span class=""hero__primary-text"" data-testid=""hero__primary-text"">Бешеные псы</span>","Когда простой украшение ограблений идет ужасно неправильно, выжившие преступники начинают подозревать, что один из них - полицейский информатор.",1992,18+,8.3,39,1,5,"['простой', 'украшение', 'ограблений', 'идет', 'ужасно', 'неправильно', 'выжившие', 'преступники', 'начинают', 'подозревать', 'полицейский', 'информатор']",простой украшение ограбление идти ужасно неправильно выжить преступник начинать подозревать полицейский информатор,3,Криминальные триллеры и полицейские расследования
98,"<span class=""hero__primary-text"" data-testid=""hero__primary-text"">Квартира</span>","Манхэттенский страховой клерк пытается подняться в своей компании, позволяя ее руководителям использовать его квартиру для свидания, но офисная политика и его собственные романтические надежды усложняют вопросы.",1960,Approved,8.3,5,2,7,"['манхэттенский', 'страховой', 'клерк', 'пытается', 'подняться', 'своей', 'компании', 'позволяя', 'руководителям', 'использовать', 'квартиру', 'свидания', 'офисная', 'политика', 'собственные', 'романтические', 'надежды', 'усложняют', 'вопросы']",манхэттенский страховой клерк пытаться подняться компания позволять руководитель использовать квартира свидание офисный политика собственный романтический надежда усложнять вопрос,3,Криминальные триллеры и полицейские расследования
99,"<span class=""hero__primary-text"" data-testid=""hero__primary-text"">Пожары</span>","Близнецы отправятся на Ближний Восток, чтобы открыть для себя семейную историю и выполнить последние пожелания своей матери.",2010,16+,8.3,11,2,4,"['близнецы', 'отправятся', 'ближний', 'восток', 'открыть', 'семейную', 'историю', 'выполнить', 'последние', 'пожелания', 'своей', 'матери']",близнец отправиться ближний восток открыть семейный история выполнить последний пожелание мать,0,Повседневные драмы и семейные истории
100,"<span class=""hero__primary-text"" data-testid=""hero__primary-text"">Лоуренс Аравийский</span>","История Т.Е. Лоуренс, английский офицер, который успешно объединился и руководил разнообразными, часто враждующими арабскими племенами во время Первой мировой войны, чтобы сражаться с турками.",1962,PG,8.3,47,3,10,"['история', 'те', 'лоуренс', 'английский', 'офицер', 'успешно', 'объединился', 'руководил', 'разнообразными', 'часто', 'враждующими', 'арабскими', 'племенами', 'время', 'первой', 'мировой', 'войны', 'сражаться', 'турками']",история лоуренс английский офицер успешно объединиться руководить разнообразный часто враждовать арабский племя время первый мировой война сражаться турок,1,Эпическая фантастика и космические приключения
101,"<span class=""hero__primary-text"" data-testid=""hero__primary-text"">Лицо со шрамом</span>","В 1980-х годах определенный кубинский иммигрант, настроенный на преступник, становится крупнейшим контрабандистом наркотиков в Майами и в конечном итоге отменен своей собственной наркоманией.",1983,18+,8.3,50,2,5,"['1980х', 'годах', 'определенный', 'кубинский', 'иммигрант', 'настроенный', 'преступник', 'становится', 'крупнейшим', 'контрабандистом', 'наркотиков', 'майами', 'конечном', 'итоге', 'отменен', 'своей', 'собственной', 'наркоманией']",1980ха определённый кубинский иммигрант настроить преступник становиться крупный контрабандист наркотик майами конечный итог отменный собственный наркомания,3,Криминальные триллеры и полицейские расследования
102,"<span class=""hero__primary-text"" data-testid=""hero__primary-text"">Двойная страховка</span>","Страховой представитель соблазняется недовольной домохозяйкой в ​​схему страхового мошенничества и убийства, которая вызывает подозрение его коллеги, следователя по претензиям.",1944,Approved,8.3,47,1,7,"['страховой', 'представитель', 'соблазняется', 'недовольной', 'домохозяйкой', '\u200b\u200bсхему', 'страхового', 'мошенничества', 'убийства', 'которая', 'вызывает', 'подозрение', 'коллеги', 'следователя', 'претензиям']",страховой представитель соблазняться недовольный домохозяйка ​​схема страховой мошенничество убийство вызывать подозрение коллега следователь претензия,3,Криминальные триллеры и полицейские расследования
103,"<span class=""hero__primary-text"" data-testid=""hero__primary-text"">На север через северо-запад</span>","Руководитель по рекламе в Нью -Йорке идет в бегах после того, как его приняли за правительственный агент группой иностранных шпионов, и влюбляется в женщину, чьи лояльности он начинает сомневаться.",1959,12+,8.3,16,2,2,"['руководитель', 'рекламе', 'нью', 'йорке', 'идет', 'бегах', 'приняли', 'правительственный', 'агент', 'группой', 'иностранных', 'шпионов', 'влюбляется', 'женщину', 'чьи', 'лояльности', 'начинает', 'сомневаться']",руководитель реклама нью йорк идти бега принять правительственный агент группа иностранный шпион влюбляться женщина чей лояльность начинать сомневаться,3,Криминальные триллеры и полицейские расследования
104,"<span class=""hero__primary-text"" data-testid=""hero__primary-text"">Схватка</span>","Группа высококлассных профессиональных воров начинает чувствовать жар от LAPD, когда они неосознанно оставляют словесную подсказку в своем последнем ограблении.",1995,16+,8.3,50,2,4,"['группа', 'высококлассных', 'профессиональных', 'воров', 'начинает', 'чувствовать', 'жар', 'lapd', 'неосознанно', 'оставляют', 'словесную', 'подсказку', 'своем', 'последнем', 'ограблении']",группа высококлассный профессиональный вор начинать чувствовать жар lapd неосознанно оставлять словесный подсказка последний ограбление,3,Криминальные триллеры и полицейские расследования
105,"<span class=""hero__primary-text"" data-testid=""hero__primary-text"">Гражданин Кейн</span>","После смерти издательства магната Чарльза Фостера Кейна, журналисты пытаются раскрыть значение его последнего высказывания: «Роузбуд».",1941,12+,8.3,59,1,2,"['смерти', 'издательства', 'магната', 'чарльза', 'фостера', 'кейна', 'журналисты', 'пытаются', 'раскрыть', 'значение', 'последнего', 'высказывания', '«', 'роузбуд', '»']",смерть издательство магнат чарльз фостер кейный журналист пытаться раскрыть значение последний высказывание « роузбуд »,0,Повседневные драмы и семейные истории
106,"<span class=""hero__primary-text"" data-testid=""hero__primary-text"">Вверх</span>","78-летний Карл Фредриксен отправляется в Южную Америку в своем доме, оборудованном воздушными шарами, непреднамеренно взяв молодого устремления.",2009,0+,8.3,36,1,1,"['78летний', 'карл', 'фредриксен', 'отправляется', 'южную', 'америку', 'своем', 'доме', 'оборудованном', 'воздушными', 'шарами', 'непреднамеренно', 'взяв', 'молодого', 'устремления']",78летний карл фредриксен отправляться южный америка дом оборудовать воздушный шар непреднамеренный взять молодой устремление,1,Эпическая фантастика и космические приключения
107,"<span class=""hero__primary-text"" data-testid=""hero__primary-text"">М убийца</span>","Когда полиция в немецком городе не может поймать убийца ребенка, другие преступники присоединяются к охоте.",1931,18+,8.3,57,1,5,"['полиция', 'немецком', 'городе', 'поймать', 'убийца', 'ребенка', 'другие', 'преступники', 'присоединяются', 'охоте']",полиция немецкий город поймать убийца ребёнок преступник присоединяться охота,3,Криминальные триллеры и полицейские расследования
108,"<span class=""hero__primary-text"" data-testid=""hero__primary-text"">Цельнометаллическая оболочка</span>","Прагматичный морской пехотинец наблюдает за дегуманизирующими последствиями, которые война во Вьетнаме оказывает на своих собратьев -новобранцев от своих жестоких тренировок в кролическом лагере до кровавой улицы, борьбы с Хюэ.",1987,18+,8.2,56,1,5,"['прагматичный', 'морской', 'пехотинец', 'наблюдает', 'дегуманизирующими', 'последствиями', 'которые', 'война', 'вьетнаме', 'оказывает', 'своих', 'собратьев', 'новобранцев', 'своих', 'жестоких', 'тренировок', 'кролическом', 'лагере', 'кровавой', 'улицы', 'борьбы', 'хюэ']",прагматичный морской пехотинец наблюдать дегуманизирующий последствие война вьетнам оказывать собрат новобранец жестокий тренировка кролический лагер кровавый улица борьба хюэ,1,Эпическая фантастика и космические приключения
109,"<span class=""hero__primary-text"" data-testid=""hero__primary-text"">Головокружение</span>","Бывший детектив полиции Сан -Франциско жонглирует со своими личными демонами и становясь одержимой навязчиво красивой женщиной, которую его наняли, чтобы трость, которая может быть глубоко прочитать все",1958,16+,8.3,8,2,4,"['бывший', 'детектив', 'полиции', 'сан', 'франциско', 'жонглирует', 'своими', 'личными', 'демонами', 'становясь', 'одержимой', 'навязчиво', 'красивой', 'женщиной', 'которую', 'наняли', 'трость', 'которая', 'глубоко', 'прочитать']",бывший детектив полиция сан франциско жонглировать личный демон становиться одержимый навязчивый красивый женщина нанять трость глубоко прочитать,3,Криминальные триллеры и полицейские расследования
110,"<span class=""hero__primary-text"" data-testid=""hero__primary-text"">Амели</span>","Несмотря на то, что молодая официантка Амели решает помочь людям найти счастье. Ее стремление распространять радость приводит ее в путешествие, во время которого она находит настоящую любовь.",2001,12+,8.3,2,2,2,"['несмотря', 'молодая', 'официантка', 'амели', 'решает', 'помочь', 'людям', 'найти', 'счастье', 'стремление', 'распространять', 'радость', 'приводит', 'путешествие', 'время', 'которого', 'находит', 'настоящую', 'любовь']",несмотря молодой официантка амели решать помочь человек найти счастие стремление распространять радость приводить путешествие время находить настоящий любовь,0,Повседневные драмы и семейные истории
111,"<span class=""hero__primary-text"" data-testid=""hero__primary-text"">Развод Надера и Симин</span>","Супружеская пара сталкивается с трудным решением - улучшить жизнь своего ребенка, переехав в другую страну или остаться в Иране и присматривать за ухудшением родителей, у которого есть болезнь Альцгей ... читать все",2011,PG-13,8.3,3,2,11,"['супружеская', 'пара', 'сталкивается', 'трудным', 'решением', 'улучшить', 'жизнь', 'своего', 'ребенка', 'переехав', 'другую', 'страну', 'остаться', 'иране', 'присматривать', 'ухудшением', 'родителей', 'которого', 'болезнь', 'альцгей', 'читать']",супружеский пара сталкиваться трудный решение улучшить жизнь ребёнок переехать страна остаться иран присматривать ухудшение родитель болезнь альцгей читать,0,Повседневные драмы и семейные истории
112,"<span class=""hero__primary-text"" data-testid=""hero__primary-text"">Заводной апельсин</span>",Алекс Деярдж и его Droogs варварся разлагаются в ближайшее время.,1971,18+,8.2,16,2,5,"['алекс', 'деярдж', 'droogs', 'варварся', 'разлагаются', 'ближайшее', 'время']",алекс деярдж droogs варварсить разлагаться близкий время,1,Эпическая фантастика и космические приключения
113,"<span class=""hero__primary-text"" data-testid=""hero__primary-text"">Убить пересмешника</span>","Овдовевший адвокат в эпохе депрессии Алабамы защищает чернокожих от ложного обвинения в изнасиловании, обучая своих маленьких детей о печальной реальности предрассудков.",1962,Approved,8.3,9,2,7,"['овдовевший', 'адвокат', 'эпохе', 'депрессии', 'алабамы', 'защищает', 'чернокожих', 'ложного', 'обвинения', 'изнасиловании', 'обучая', 'своих', 'маленьких', 'детей', 'печальной', 'реальности', 'предрассудков']",овдоветь адвокат эпоха депрессия алабама защищать чернокожий ложный обвинение изнасилование обучать маленький ребёнок печальный реальность предрассудок,-1,Военные драмы и супергеройские конфликты
114,"<span class=""hero__primary-text"" data-testid=""hero__primary-text"">Крепкий орешек</span>","Полицейский из Нью -Йорка пытается спасти свою отчужденную жену и несколько других, взятых террористов во время рождественской вечеринки на Накатоми Плаза в Лос -Анджелесе.",1988,16+,8.2,12,2,4,"['полицейский', 'нью', 'йорка', 'пытается', 'спасти', 'отчужденную', 'жену', 'несколько', 'других', 'взятых', 'террористов', 'время', 'рождественской', 'вечеринки', 'накатоми', 'плаза', 'лос', 'анджелесе']",полицейский нью йорк пытаться спасти отчудить жена несколько взять террорист время рождественский вечеринка накатомь плаз лос анджелес,3,Криминальные триллеры и полицейские расследования
115,"<span class=""hero__primary-text"" data-testid=""hero__primary-text"">Афера</span>","Два сбора объединяются, чтобы снять Ultimate Con.",1973,0+,8.3,9,2,1,"['сбора', 'объединяются', 'снять', 'ultimate', 'con']",сбор объединяться снять ultimate con,-1,Военные драмы и супергеройские конфликты
116,"<span class=""hero__primary-text"" data-testid=""hero__primary-text"">Звёздочки на земле</span>","Считается, что молодой мальчик не является чем -то иным, как ленивым нарушителем нарушителя, пока у нового учителя искусства не будет терпения и сострадания, чтобы обнаружить реальную проблему, стоящую за его борьбой в школе.",2007,0+,8.3,42,2,1,"['считается', 'молодой', 'мальчик', 'является', 'иным', 'ленивым', 'нарушителем', 'нарушителя', 'пока', 'нового', 'учителя', 'искусства', 'терпения', 'сострадания', 'обнаружить', 'реальную', 'проблему', 'стоящую', 'борьбой', 'школе']",считаться молодой мальчик являться иной ленивый нарушитель нарушитель пока новый учитель искусство терпение сострадание обнаружить реальный проблема стоящий борьба школа,-1,Военные драмы и супергеройские конфликты
117,"<span class=""hero__primary-text"" data-testid=""hero__primary-text"">Оппенгеймер</span>","Драматизация истории жизни Дж. Роберта Оппенгеймера, физика, у которого была большая рука в развитии атомных бомб, которые положили конец Второй мировой войне.",2023,18+,8.3,0,3,5,"['драматизация', 'истории', 'жизни', 'дж', 'роберта', 'оппенгеймера', 'физика', 'которого', 'большая', 'рука', 'развитии', 'атомных', 'бомб', 'которые', 'положили', 'конец', 'второй', 'мировой', 'войне']",драматизация история жизнь дж роберт оппенгеймер физика больший рука развитие атомный бомба положить конец второй мировой война,2,Исторические драмы о Второй мировой войне
118,"<span class=""hero__primary-text"" data-testid=""hero__primary-text"">Индиана Джонс и последний крестовый поход</span>","В 1938 году, после того, как его отец пропал без вести, преследуя Святой Грааль, Индиана Джонс снова оказывается против нацистов, чтобы помешать им получить свои силы.",1989,0+,8.2,7,2,1,"['1938', 'году', 'отец', 'пропал', 'вести', 'преследуя', 'святой', 'грааль', 'индиана', 'джонс', 'снова', 'оказывается', 'против', 'нацистов', 'помешать', 'получить', 'свои', 'силы']",1938 отец пропасть вести преследовать святой грааль индиана джонс снова оказываться против нацист помешать получить сила,2,Исторические драмы о Второй мировой войне
119,"<span class=""hero__primary-text"" data-testid=""hero__primary-text"">Метрополис</span>","В футуристическом городе, резко разделенном между рабочим классом и планировщиками города, сын вдохновителя города влюбляется в пророка рабочего класса, который предсказывает пришествие ... Прочтите все",1927,(Banned),8.3,33,2,0,"['футуристическом', 'городе', 'резко', 'разделенном', 'рабочим', 'классом', 'планировщиками', 'города', 'сын', 'вдохновителя', 'города', 'влюбляется', 'пророка', 'рабочего', 'класса', 'предсказывает', 'пришествие', 'прочтите']",футуристический город резко разделить рабочий класс планировщик город сын вдохновитель город влюбляться пророк рабочий класс предсказывать пришествие прочесть,0,Повседневные драмы и семейные истории
120,"<span class=""hero__primary-text"" data-testid=""hero__primary-text"">Большой куш</span>","Ноблезные боксерские промоутеры, жестокие букмекеры, русский гангстер, некомпетентные грабители -любители и предположительно еврейские ювелиры борются за то, чтобы выследить бесценный украденный бриллиант.",2000,16+,8.2,44,1,4,"['ноблезные', 'боксерские', 'промоутеры', 'жестокие', 'букмекеры', 'русский', 'гангстер', 'некомпетентные', 'грабители', 'любители', 'предположительно', 'еврейские', 'ювелиры', 'борются', 'выследить', 'бесценный', 'украденный', 'бриллиант']",ноблезный боксёрский промоутер жестокий букмекер русский гангстер некомпетентный грабитель любитель предположительно еврейский ювелир бороться выследить бесценный украсть бриллиант,3,Криминальные триллеры и полицейские расследования
121,"<span class=""hero__primary-text"" data-testid=""hero__primary-text"">1917</span>","6 апреля 1917 года. По мере того, как пехотный батальон собирается, чтобы вести войну глубоко на территории противника, два солдата назначаются для участия в гонке со временем и донесут сообщение, которое остановит 1600 человек из WA ... Прочтите все",2019,16+,8.2,59,1,4,"['6', 'апреля', '1917', 'года', 'мере', 'пехотный', 'батальон', 'собирается', 'вести', 'войну', 'глубоко', 'территории', 'противника', 'солдата', 'назначаются', 'участия', 'гонке', 'временем', 'донесут', 'сообщение', 'которое', 'остановит', '1600', 'человек', 'wa', 'прочтите']",6 апрель 1917 мера пехотный батальон собираться вести война глубоко территория противник солдат назначаться участие гонка время донести сообщение остановить 1600 человек wa прочесть,1,Эпическая фантастика и космические приключения
122,"<span class=""hero__primary-text"" data-testid=""hero__primary-text"">Секреты Лос-Анджелеса</span>","По мере роста коррупции в 1950 -х годах Лос -Анджелеса, три полицейских - один из проливных, один жестокий и один неряшливый - расследуйте серию убийств со своим собственным брендом справедливости.",1997,16+,8.2,18,2,4,"['мере', 'роста', 'коррупции', '1950', 'х', 'годах', 'лос', 'анджелеса', 'полицейских', 'проливных', 'жестокий', 'неряшливый', 'расследуйте', 'серию', 'убийств', 'своим', 'собственным', 'брендом', 'справедливости']",мера рост коррупция 1950 х лос анджелес полицейский проливный жестокий неряшливый расследовать серия убийство собственный бренд справедливость,3,Криминальные триллеры и полицейские расследования
123,"<span class=""hero__primary-text"" data-testid=""hero__primary-text"">Похитители велосипедов</span>","В послевоенной Италии похищен велосипед рабочего класса, угрожая его усилиям по поиску работы. Он и его сын решили найти это.",1948,Not Rated,8.2,29,1,9,"['послевоенной', 'италии', 'похищен', 'велосипед', 'рабочего', 'класса', 'угрожая', 'усилиям', 'поиску', 'работы', 'сын', 'решили', 'найти', 'это']",послевоенный италия похитить велосипед рабочий класс угрожать усилие поиск работа сын решить найти это,-1,Военные драмы и супергеройские конфликты
124,"<span class=""hero__primary-text"" data-testid=""hero__primary-text"">Бункер</span>","Траудл Юнге, финальный секретарь Адольфа Гитлера, рассказывает о последних днях нацистского диктатора в его Берлинском бункере в конце Второй мировой войны.",2004,12+,8.2,36,2,2,"['траудл', 'юнге', 'финальный', 'секретарь', 'адольфа', 'гитлера', 'рассказывает', 'последних', 'днях', 'нацистского', 'диктатора', 'берлинском', 'бункере', 'конце', 'второй', 'мировой', 'войны']",траудло юнга финальный секретарь адольф гитлер рассказывать последний день нацистский диктатор берлинский бункер конец второй мировой война,2,Исторические драмы о Второй мировой войне
